engagement_id,customer_id,date,sessions,session_duration,logins,features_used,active_days,created_at
ENG-0000001,CUST-00001,2026-03-19,14,463.82,19,4,2,2026-03-19 23:59:59
ENG-0000002,CUST-00001,2026-03-26,8,147.6,10,8,5,2026-03-26 23:59:59
ENG-0000003,CUST-00001,2026-04-02,12,209.5,15,3,5,2026-04-02 23:59:59
ENG-0000004,CUST-00001,2026-04-09,16,656.43,17,6,2,2026-04-09 23:59:59
ENG-0000005,CUST-00001,2026-04-16,11,223.42,11,7,3,2026-04-16 23:59:59
ENG-0000006,CUST-00001,2026-04-23,8,98.42,10,8,4,2026-04-23 23:59:59
ENG-0000007,CUST-00001,2026-04-30,9,112.12,9,4,5,2026-04-30 23:59:59
ENG-0000008,CUST-00001,2026-05-07,7,131.24,7,11,6,2026-05-07 23:59:59
ENG-0000009,CUST-00001,2026-05-14,13,334.45,15,5,2,2026-05-14 23:59:59
ENG-0000010,CUST-00001,2026-05-21,14,150.81,15,2,2,2026-05-21 23:59:59
ENG-0000011,CUST-00001,2026-05-28,18,186.28,22,6,5,2026-05-28 23:59:59
ENG-0000012,CUST-00001,2026-06-04,16,255.52,16,6,3,2026-06-04 23:59:59
ENG-0000013,CUST-00001,2026-06-11,8,223.77,10,4,2,2026-06-11 23:59:59
ENG-0000014,CUST-00001,2026-06-18,6,123.37,7,5,3,2026-06-18 23:59:59
ENG-0000015,CUST-00001,2026-06-25,10,52.98,12,4,3,2026-06-25 23:59:59
ENG-0000016,CUST-00001,2026-07-02,7,172.56,9,6,5,2026-07-02 23:59:59
ENG-0000017,CUST-00001,2026-07-09,7,202.48,8,6,2,2026-07-09 23:59:59
ENG-0000018,CUST-00001,2026-07-16,16,430.18,17,1,2,2026-07-16 23:59:59
ENG-0000019,CUST-00001,2026-07-23,13,141.92,13,4,6,2026-07-23 23:59:59
ENG-0000020,CUST-00001,2026-07-30,8,92.33,9,3,5,2026-07-30 23:59:59
