payment_id,transaction_id,customer_id,payment_date,amount,payment_method,payment_gateway,status,failure_reason,created_at
PAY-0000001,TXN-0000001,CUST-00001,2026-03-19 02:15:05,790.0,credit_card,stripe,completed,,2026-03-19 02:15:05
PAY-0000002,TXN-0000002,CUST-00002,2025-11-01 02:15:05,290.0,credit_card,stripe,completed,,2025-11-01 02:15:05
PAY-0000003,TXN-0000003,CUST-00003,2026-02-17 02:15:05,290.0,paypal,braintree,completed,,2026-02-17 02:15:05
PAY-0000004,TXN-0000004,CUST-00004,2025-02-06 02:15:05,290.0,credit_card,stripe,completed,,2025-02-06 02:15:05
PAY-0000005,TXN-0000005,CUST-00004,2026-02-06 02:15:05,290.0,credit_card,stripe,completed,,2026-02-06 02:15:05
PAY-0000006,TXN-0000006,CUST-00005,2025-05-13 02:15:05,29.0,credit_card,stripe,completed,,2025-05-13 02:15:05
PAY-0000007,TXN-0000007,CUST-00005,2025-06-12 02:15:05,29.0,credit_card,stripe,completed,,2025-06-12 02:15:05
PAY-0000008,TXN-0000008,CUST-00005,2025-07-12 02:15:05,29.0,credit_card,stripe,completed,,2025-07-12 02:15:05
PAY-0000009,TXN-0000009,CUST-00005,2025-08-11 02:15:05,29.0,credit_card,stripe,completed,,2025-08-11 02:15:05
PAY-0000010,TXN-0000010,CUST-00005,2025-09-10 02:15:05,29.0,credit_card,stripe,completed,,2025-09-10 02:15:05
PAY-0000011,TXN-0000011,CUST-00005,2025-10-10 02:15:05,29.0,credit_card,stripe,completed,,2025-10-10 02:15:05
PAY-0000012,TXN-0000012,CUST-00005,2025-11-09 02:15:05,29.0,credit_card,stripe,completed,,2025-11-09 02:15:05
PAY-0000013,TXN-0000013,CUST-00005,2025-12-09 02:15:05,29.0,credit_card,stripe,completed,,2025-12-09 02:15:05
PAY-0000014,TXN-0000014,CUST-00006,2025-05-16 02:15:05,29.0,credit_card,stripe,completed,,2025-05-16 02:15:05
PAY-0000015,TXN-0000015,CUST-00006,2025-06-15 02:15:05,29.0,credit_card,stripe,completed,,2025-06-15 02:15:05
PAY-0000016,TXN-0000016,CUST-00006,2025-07-15 02:15:05,29.0,credit_card,stripe,completed,,2025-07-15 02:15:05
PAY-0000017,TXN-0000017,CUST-00006,2025-08-14 02:15:05,29.0,credit_card,stripe,completed,,2025-08-14 02:15:05
PAY-0000018,TXN-0000018,CUST-00006,2025-09-13 02:15:05,29.0,credit_card,stripe,completed,,2025-09-13 02:15:05
PAY-0000019,TXN-0000019,CUST-00006,2025-10-13 02:15:05,29.0,credit_card,stripe,completed,,2025-10-13 02:15:05
PAY-0000020,TXN-0000020,CUST-00006,2025-11-12 02:15:05,29.0,credit_card,stripe,completed,,2025-11-12 02:15:05
