usage_id,customer_id,date,feature_name,usage_count,duration_seconds,units,created_at
USG-00000001,CUST-00001,2026-03-19,report_export,17,1105,events,2026-03-19 23:59:59
USG-00000002,CUST-00001,2026-03-19,api_request,14,210,events,2026-03-19 23:59:59
USG-00000003,CUST-00001,2026-03-19,team_collaboration,15,1215,events,2026-03-19 23:59:59
USG-00000004,CUST-00001,2026-03-19,automated_workflow,13,273,events,2026-03-19 23:59:59
USG-00000005,CUST-00001,2026-03-19,ai_query,12,588,events,2026-03-19 23:59:59
USG-00000006,CUST-00001,2026-03-26,dashboard_view,10,570,events,2026-03-26 23:59:59
USG-00000007,CUST-00001,2026-03-26,report_export,13,676,events,2026-03-26 23:59:59
USG-00000008,CUST-00001,2026-03-26,api_request,15,855,events,2026-03-26 23:59:59
USG-00000009,CUST-00001,2026-03-26,automated_workflow,13,1157,events,2026-03-26 23:59:59
USG-00000010,CUST-00001,2026-04-02,dashboard_view,12,492,events,2026-04-02 23:59:59
USG-00000011,CUST-00001,2026-04-02,report_export,15,1290,events,2026-04-02 23:59:59
USG-00000012,CUST-00001,2026-04-02,team_collaboration,16,688,events,2026-04-02 23:59:59
USG-00000013,CUST-00001,2026-04-02,ai_query,30,1020,events,2026-04-02 23:59:59
USG-00000014,CUST-00001,2026-04-09,dashboard_view,12,180,events,2026-04-09 23:59:59
USG-00000015,CUST-00001,2026-04-09,api_request,10,400,events,2026-04-09 23:59:59
USG-00000016,CUST-00001,2026-04-09,team_collaboration,13,195,events,2026-04-09 23:59:59
USG-00000017,CUST-00001,2026-04-09,automated_workflow,15,450,events,2026-04-09 23:59:59
USG-00000018,CUST-00001,2026-04-09,ai_query,16,736,events,2026-04-09 23:59:59
USG-00000019,CUST-00001,2026-04-16,dashboard_view,12,948,events,2026-04-16 23:59:59
USG-00000020,CUST-00001,2026-04-16,report_export,16,352,events,2026-04-16 23:59:59
